gullible,ab32b857-1f3a-4742-b0e0-b193a992813a
jigbon,43015a4f-140e-474e-872f-f7b0b4d79313
originalbedwars,ead9c88a-eae9-406c-93b6-847d43d373f4
pcs,7204ec52-64cd-4660-9f31-4c169fc4a5cb
santais007,bf6d8aca-c7dd-3ebd-9129-a6a15bb122b8
driftboat,13310f08-42fb-3cbb-8f12-19f056be925d
retrovidya,58e04810-1da0-4e17-ba7f-f2c22e90047f
setokaiba2002,38fe589f-097e-3c4f-a2ac-fe4f04fceb07
smattox,fea22ef0-3efd-463b-8d3f-cc0e543fa57c
darkwolfieonyt,dbf5ea77-6174-315b-a221-7ee9c57188c7
ashyknife,9c0cedd2-8c64-4bca-952a-2dea99d776b2
originalhcf,2800600d-54df-3123-bcde-358836f2b83f
fredisin,29fd7cda-a916-3dc0-940c-7aa35eaebf5e
shihan119,28961ead-ede0-4ef0-b803-7eb0c99776ca
equableprogram,aea185cf-acfc-3cd9-bd9e-a2c2bd594595
spiderrobotman,28bb290c-cce5-481c-b158-d7f9a042100d
ldwme,992bc2d8-928a-496d-871d-acf6dfa0e288
bambsaway3000,0ba6adcb-0e7d-343e-81ef-cd7954cc5574
avaixus,7194a9c7-a3ba-417d-8bc4-2901f0a13014
speedyinnit,3f399186-1b43-3ee4-9421-99cd385c0891
joseuploadyt,5cd1e7d0-d389-3597-ba13-557a95c2d948
qubockbot,ea3f3fc9-70c4-30f3-8605-12589135dd0d
shinichitakeshi,543a3545-42d3-409b-9ccf-dfbd4fcda8e7
